업체명,품명,Au도금사양,Ni도금사양,재질,
D.A.K KOREA,Ni 무광,,Ni 1.5~2.5㎛ ,Bronze,
세종에이앤에스,0.15*35,,Ni 3.0㎛~ (반광),304 1/2H,
세종에이앤에스,0.2*26,,Ni 1.0㎛ ~,SUS 316L BA,
세종에이앤에스,0.2*108,,Ni 1.0㎛ ~,SUS 316L BA,
세종에이앤에스,0.2*112,,Ni 1.0㎛ Min,AL,
세종에이앤에스,0.6*28,,Ni 1.5㎛ ~,AL,
세종에이앤에스,0.8*28,,Ni 2.0㎛ ~,AL,
세종에이앤에스,0.146*44,,Ni 1.5㎛ ~ 3.0㎛,AL A5052-H32,
세종에이앤에스,0.3*125,,Ni 1.0~2.0㎛ ,Cu,
세종에이앤에스,0.116*57,,Ni 1.5㎛ ~ 3.0㎛,AL A5052-H32,
세종에이앤에스,0.116*57,,Ni 1.5㎛ ~,AL A3003-0,
세종에이앤에스,0.12*88,,Ni 1.0~3.0㎛ ,Cu,
세종에이앤에스,0.12*44,,Ni 1.0~2.0㎛ ,Cu,
세종에이앤에스,0.12*46,,Ni 1.0~3.0㎛ ,Cu,
세종에이앤에스,0.12*57,,Ni 1.2㎛~,AL,
세종에이앤에스,0.12*142,,Ni 1.0~2.0㎛ ,Cu,
세종에이앤에스,0.12*148,,Ni 1.0~2.0㎛ ,Cu,
세종에이앤에스,0.12*187,,Ni 1.0~2.0㎛ ,Cu,
세종에이앤에스,0.12*190,,Ni 1.0~2.0㎛ ,Cu,
세종에이앤에스,0.15*45,,Ni 1.2㎛~,AL,
세종에이앤에스,0.15*85,,Ni 1.0~2.0㎛ ,Cu,
세종에이앤에스,0.15*89,,Ni 1.0~2.0㎛ ,Cu,
세종에이앤에스,0.15*98,,Ni 1.0~2.0㎛ ,Cu,
세종에이앤에스,0.15*102,,Ni 1.0~2.0㎛ ,Cu,
세종에이앤에스,0.15*105,,Ni 1.0~2.0㎛ ,Cu,
세종에이앤에스,0.15*107,,Ni 1.0~2.0㎛ ,Cu,
세종에이앤에스,0.15*120,,Ni 1.0~2.0㎛ ,Cu,
세종에이앤에스,0.15*129,,Ni 1.0~2.0㎛ ,Cu,
세종에이앤에스,0.15*131,,Ni 1.0~2.0㎛ ,Cu,
세종에이앤에스,0.15*132,,Ni 1.0~2.0㎛ ,Cu,
세종에이앤에스,0.15*133,,Ni 1.0~2.0㎛ ,Cu,
세종에이앤에스,0.15*141,,Ni 1.0~2.0㎛ ,Cu,
세종에이앤에스,0.15*145,,Ni 3.0㎛ ~,Cu,
세종에이앤에스,0.15*145,,Ni 1.0~2.0㎛ ,Cu,
세종에이앤에스,0.15*150,,Ni 1.0~2.0㎛ ,Cu,
세종에이앤에스,0.15*159,,Ni 1.0~2.0㎛ ,Cu,
세종에이앤에스,0.15*167,,Ni 1.0~2.0㎛ ,Cu,
세종에이앤에스,0.15*168,,Ni 1.0~2.0㎛ ,Cu,
세종에이앤에스,0.15*170,,Ni 1.5~3.0㎛ ,Cu,
세종에이앤에스,0.15*171,,Ni 1.0~2.0㎛ ,Cu,
세종에이앤에스,0.15*175,,Ni 1.0~2.0㎛ ,Cu,
세종에이앤에스,0.15*179,,Ni 1.0~2.0㎛ ,Cu,
세종에이앤에스,0.15*187,,Ni 1.0~2.0㎛ ,Cu,
세종에이앤에스,0.1*97,,Ni 1.0~3.0㎛ ,Cu,
세종에이앤에스,0.1*52,,Ni 1.5㎛ ~,Cu,
세종에이앤에스,0.1*170,,Ni 1.0~3.0㎛ ,Cu,
세종에이앤에스,0.1*190,,Ni 1.0~2.0㎛ ,Cu,
신화아이티,0.2*21.5,,Ni 1.0㎛ ~2.0㎛ ,AL,
에스코넥,0.2*26,,Ni 1.5㎛ ~,S316L BA,
에스코넥,0.2*65,,Ni 1.5㎛ ~,S316L BA,
신흥 SEC,0.08*4,,Ni 2.0㎛ ~2.8㎛ ,Cu,
신흥 SEC,0.08*6,,Ni 1.5㎛ ~,Cu,
신흥 SEC,0.1*6,,Ni 2.0㎛ ~3.0㎛ ,Cu,
신흥 SEC,0.29*26,,Ni 1.5㎛ ~,Cu,
신흥 SEC,0.3*26,,Ni 1.5㎛ ~,Cu,
신흥 SEC,0.35*26,,Ni 1.5㎛ ~,AL,
신흥 SEC,0.4*26,,Ni 1.5㎛ ~,AL,
신흥 SEC,0.45*26,,Ni 1.5㎛ ~,AL,
신흥 SEC,0.4*30,,Ni 1.5㎛ ~,AL,
신흥 SEC,0.5*30,,Ni 1.5㎛ ~,AL,
신흥 SEC,0.6*30,,Ni 1.5㎛ ~,AL,
신흥 SEC,0.2*176,,Ni 1.5㎛ ~,SUS,
신흥 SEC,0.2*204,,Ni 0.8~2.0㎛ ,SUS,
신흥 SEC,0.6*100,,Ni 1.5㎛ ~,AL,
㈜ 넵텍,0.2*148,,Ni 1.5㎛ ~,316L BA,
㈜ 넵텍,0.4*35,,Ni 1.0~3.0㎛ ,AL,
㈜ 넵텍,0.4*35,Sn 2.0㎛ ~,Ni 1.0㎛ ~,AL,
코엔,0.15*18,Au 0.04㎛ Min,Ni 1.2~㎛ ,AL,
우선기업,0.05*65,,Ni 2.0~6.0㎛ ,301 EH,
우선기업,0.08*80,,Ni 0.3~1.5㎛ ,S 316L-H,
우선기업,0.08*80,,Ni 1.0㎛ ~,C7701 EH 단면H/L,
우선기업,0.08*165,,Ni 0.5㎛ ~1.5㎛ ,316LH H/L단면,
우선기업,0.15*20,,Ni 1.0㎛ ~,S304H 단면H/L,
우선기업,0.15*25,,Ni 1.0㎛ ~,S304H 단면H/L,
우선기업,0.15*45,,Ni 1.0㎛ ~,S304 H,
우선기업,0.15*48,,Ni 1.0㎛ ~,SUS 304 3/4,
우선기업,0.15*55,,Ni 1.0㎛ ~,S316L H 단면H/L,
우선기업,0.15*56,,Ni 1.0㎛ ~,S316L H 단면H/L,
우선기업,0.15*57,,Ni 1.0㎛ ~,S304H 양면H/L,
우선기업,0.15*58,,Ni 1.0㎛ ~,304H H/L,
우선기업,0.15*60,,Ni 0.5㎛ ~1.5㎛ ,STS316L 단면H/L,
우선기업,0.15*75,,Ni 1.0㎛ ~,C7035 양면 H/L,
우선기업,0.15*75,,Ni 1.0㎛ ~,C7035 (TM06),
우선기업,0.15*80,,Ni 1.0㎛ ~,S316L HN H/L,
우선기업,0.15*93,,Ni 1.0㎛ ~,316LH H/L단면,
우선기업,0.15*100,,Ni 1.0㎛ ~,316LH H/L단면,
우선기업,0.15*101,,Ni 1.0㎛ ~,SUS 304 3/4,
우선기업,0.15*103,,Ni 1.0㎛ ~,S316L H 단면H/L,
우선기업,0.15*105,,Ni 1.0㎛ ~,S316LH,
우선기업,0.15*108,,Ni 1.0㎛ ~,SUS 304 3/4,
우선기업,0.15*110,,Ni 0.5㎛ ~1.5㎛ ,S316L H 단면H/L,
우선기업,0.15*130,,Ni 1.0㎛~,STS 316L(AR)(FH),
우선기업,0.15*131,,Ni 1.0㎛ ~,SUS 304 3/4,
우선기업,0.15*132,,Ni 1.0㎛ ~,S316LH,
우선기업,0.15*132,,Ni 1.0㎛ ~,S316LH 단면H/L,
우선기업,0.15*139,,Ni 1.0㎛ ~,S316LH 단면H/L,
우선기업,0.15*141,,Ni 1.0㎛ ~,STS 316LH,
우선기업,0.15*148,,Ni 1.0㎛ ~,SUS 304 3/4,
우선기업,0.15*149,,Ni 2.0㎛ ~,S304H 양면H/L,
우선기업,0.15*150,,Ni 1.0㎛ ~,S316LH,
우선기업,0.15*150,,Ni 1.0㎛ ~,S316LH 단면H/L,
우선기업,0.15*154,,Ni 1.0㎛ ~,SUS 304 3/4,
우선기업,0.15*157,,Ni 1.0㎛ ~,S316L (TA),
우선기업,0.15*157,,Ni 1.0㎛ ~,S316 LH,
우선기업,0.15*158,,Ni 0.5㎛ ~1.5㎛ ,S316LH 단면H/L,
우선기업,0.15*159,,Ni 1.0㎛ ~,S316LH ,
우선기업,0.15*165,,Ni 0.5㎛ ~1.5㎛ ,S316 LH,
우선기업,0.15*164,,Ni 0.5㎛ ~1.5㎛ ,S316LH 단면H/L,
우선기업,0.15*174,,Ni 1.0㎛ ~,S316LH ,
우선기업,0.15*174,,Ni 0.5㎛ ~1.5㎛ ,S316LH 단면H/L,
우선기업,0.15*174(단면H/L),,Ni 0.5㎛ ~1.5㎛,S316LH 단면H/L,
우선기업,0.15*175,,Ni 1.0㎛ ~,316 LH,
우선기업,0.15*164,,Ni 0.3㎛ ~1.5㎛,S304H 단면H/L,
우선기업,0.1*16 B/K,,Ni 0.5㎛ ~1.5㎛ ,C7701 1/2 H,
우선기업,0.1*35,,Ni 1.0㎛ ~,S304H 단면H/L,
우선기업,0.1*44,,Ni 1.0㎛ ~,S304H 양면H/L,
우선기업,0.1*45,,Ni 1.0㎛ ~,S304H 양면H/L,
우선기업,0.1*58,,Ni 1.0㎛ ~,S304H ,
우선기업,0.1*25,,Ni 1.0㎛ ~,S316L H,
우선기업,0.1*20,,Ni 2.0㎛ ~5.0㎛ ,S304H 양면H/L,
우선기업,0.1*58,,Ni 1.0㎛ ~,S304 H,
우선기업,0.1*76 ,,Ni 2.0㎛ ~6.0㎛ ,S430 H,
우선기업,0.1*80,,Ni 0.5㎛ ~1.5㎛ ,S304H 단면H/L,
우선기업,0.1*80 ,,Ni 0.5㎛ ~1.5㎛ ,S304H 양면H/L,
우선기업,0.1*86,,Ni 2.0㎛ ~6.0㎛ ,S 316 3/4 H,
우선기업,0.1*91,,Ni 1.2㎛ ~1.8㎛,S316L 1/2H 단면H/L,
우선기업,0.1*100,,Ni 1.0㎛ ~,S316LH 단면H/L,
우선기업,0.1*102,,Ni 1.0㎛ ~,S316LH 단면H/L,
우선기업,0.1*103,,Ni 1.0㎛ ~,S316LH 단면H/L,
우선기업,0.1*104,,Ni 2.0㎛ ~,S430 H,
우선기업,0.1*130,,Ni 2.0㎛ ~6.0㎛,S316L H,
우선기업,0.1*132,,Ni 1.0㎛ ~,S316L H,
우선기업,0.1*133,,Ni 1.0㎛ ~,S316L H,
우선기업,0.1*135,,Ni 1.0㎛ ~,S316L H,
우선기업,0.1*149,,Ni 1.0㎛ ~,S316L H,
우선기업,0.1*150,,Ni 1.0㎛ ~,S316LH 단면H/L,
우선기업,0.1*160,,Ni 1.0㎛ ~,S316LH 단면H/L,
우선기업,0.1*164,,Ni 0.5㎛ ~1.5㎛ ,S316LH 단면H/L,
우선기업,0.1*164 ,,Ni 0.5 ~1.5㎛,S304H 양면H/L,
우선기업,0.1*165,,Ni 1.0㎛ ~,S316L H,
우선기업,0.1*165,,Ni 1.0㎛ ~,S316LH 단면H/L,
우선기업,0.1*166,,Ni 1.0㎛ ~,S316LH 단면H/L,
우선기업,0.1*166,,Ni 1.0㎛ ~3.0㎛ ,S316L H,
우선기업,0.1*167,,Ni 1.0㎛ ~,S304H 양면H/L,
우선기업,0.1*180,,Ni 2.0㎛ ~,양백,
우선기업,0.1*184,,Ni 1.0㎛ ~,S316  1/2H 단면H/L,
우선기업,0.1*192,,Ni 1.0㎛ ~,S316  1/2H 단면H/L,
우선기업,0.2*20,,Ni 1.0㎛ ~,C7701 1/2H 양백,
우선기업,0.2*20,,Ni 1.0㎛ ~,S304H 단면H/L,
우선기업,0.2*34,,Ni 1.0㎛ ~,S304H ,
우선기업,0.2*35,,Ni 1.0㎛ ~,S304H 양면H/L,
우선기업,0.2*48,,Ni 1.0㎛ ~,S304H 단면H/L,
우선기업,0.2*48,,Ni 1.0㎛ ~,S316LH 단면H/L,
우선기업,0.2*55,,Ni 1.0㎛ ~,S304H 양면H/L,
우선기업,0.2*55,,Ni 1.0㎛ ~,C7701 1/2H 양백,
우선기업,0.2*59,,Ni 1.0㎛ ~,S304H ,
우선기업,0.2*60,,Ni 0.3㎛ ~1.5㎛,S316LH 단면H/L,
우선기업,0.2*65,,Ni 1.0㎛ ~,C7701 1/2H 양백,
우선기업,0.2*65,,Ni 1.0㎛ ~,S304H 양면H/L,
우선기업,0.2*68,,Ni 1.0㎛ ~,C7701 1/2H 양백,
우선기업,0.2*80,,Ni 1.0㎛ ~3.0㎛ ,S304H 양면H/L,
우선기업,0.2*80,,Ni 0.5㎛ ~,316L 3/4H,
우선기업,0.2*108,,Ni 0.5 ~1.5㎛,S304H 단면H/L,
우선기업,0.2*109,,Ni 03~1.5㎛ ,SUS304-FH 양면H/L,
우선기업,0.2*118,,Ni 0.5 ~1.0㎛,STS 316L HNH 단면 H/L,
우선기업,0.2*124,,Ni 1.0㎛ ~3.0㎛ ,S316LH,
우선기업,0.2*125,,Ni 1.0㎛ ~,S304H,
우선기업,0.2*130,,Ni 1.0㎛ ~3.0㎛ ,S304H 양면H/L,
우선기업,0.2*140,,Ni 1.0㎛ ~,S304H,
우선기업,0.2*146,,Ni 1.0㎛ ~,S304H 양면H/L,
우선기업,0.2*146,,Ni 2.0㎛ ~,S304H 양면H/L,
우선기업,0.2*145,,Ni 1.0㎛ ~,S304H 양면H/L,
우선기업,0.2*154,,Ni 1.0㎛ ~,S304H 양면H/L,
우선기업,0.2*167,,Ni 1.0㎛ ~,S304H 양면H/L,
우선기업,0.2*172,,Ni 1.0㎛ ~,SUS304H H/L양면,
우선기업,0.2*172,,Ni 1.0㎛ ~,S304H 양면H/L,
우선기업,0.2*174,,Ni 1.0㎛ ~,S316L H,
우선기업,0.2*174,,Ni 1.0㎛ ~,S304H 양면H/L,
우선기업,0.2*175,,Ni 1.0㎛ ~,S304H 단면H/L,
우선기업,0.25*25,,Ni 1.0㎛ ~,C7701 1/2H 양백,
우선기업,0.2*204,,Ni 1.0㎛ ~,S304H,
우선기업,0.25*44,,Ni 0.3㎛ ~1.5㎛ ,양백,
우선기업,0.25*65,,Ni 1.0㎛ ~,S304H 단면H/L,
우선기업,0.25*75,,Ni 0.5㎛ ~1.0㎛ ,C7035(TM04) 단면 L/H,
우선기업,0.25*80,,Ni 2.0㎛ ~3.0㎛ ,STS 304LH,
우선기업,0.25*80,,Ni 2.0㎛ ~,S304H,
우선기업,0.25*88,,Ni 0.5㎛ ~1.0㎛ ,S316L H 단면H/L,
우선기업,0.25*90,,Ni 0.5㎛ ~1.0㎛ ,S316LH  H/L단면,
우선기업,0.25*95,,Ni 0.5㎛ ~1.0㎛ ,S316L 3/4H 단면H/L,
우선기업,0.25*102,,Ni 2.0㎛ ~,S304H 양면H/L,
우선기업,0.25*105,,Ni 0.5㎛ ~1.0㎛ ,S316L 3/4H 단면H/L,
우선기업,0.25*121,,Ni 0.3㎛ ~1.5㎛ ,S316LH 단면H/L,
우선기업,0.25*123,,Ni 0.5㎛ ~1.5㎛ ,S316LH 단면H/L,
우선기업,0.25*124,,Ni 0.3㎛ ~1.5㎛ ,S316LH 단면H/L,
우선기업,0.25*160,,Ni 1.0㎛ ~,S304H 양면H/L,
우선기업,0.25*150,,Ni 1.0㎛ ~,S316L  3/4H 단면H/L,
우선기업,0.25*162,,Ni 0.5㎛ ~1.5㎛ ,S316LH 단면H/L,
우선기업,0.25*174,,Ni 0.5㎛ ~1.5㎛ ,S316LH 단면H/L,
우선기업,0.25*172,,Ni 1.0㎛ ~,S304H 양면H/L,
우선기업,0.2*175,,Ni 1.0㎛ ~,S304H 단면H/L,
우선기업,0.25*175,,Ni 1.0㎛ ~,S304H 양면H/L,
우선기업,0.25*190,,Ni 1.0㎛ ~,S304H 양면H/L,
우선기업,0.3*20,,Ni 1.0㎛ ~,S304H 양면H/L,
우선기업,0.3*60,,Ni 1.0㎛ ~,S304H 양면H/L,
우선기업,0.3*80,,Ni 0.3~1.5㎛,S316L 3/4H,
우선기업,0.3*80,,Ni 1.0㎛ ~,C7701 1/2H 양백,
우선기업,0.3*80,,Ni 0.5㎛ ~1.5㎛ ,S304H 단면H/L,
우선기업,0.3*82,,Ni 1.0㎛ ~,C7701 1/2H 양백,
우선기업,0.3*100,,Ni 2.0㎛ ~,S304H 양면H/L,
우선기업,0.3*125,,Ni 1.0㎛ ~,S304H ,
우선기업,0.3*140,,Ni 1.0㎛ ~,S304H ,
우선기업,0.3*124,,Ni 1.0㎛ ~,S304H ,
우선기업,0.3*156,,Ni 0.5㎛ ~1.5㎛ ,S304H 양면H/L,
우선기업,0.3*160,,Ni 0.5㎛ ~1.5㎛ ,S316LH 단면H/L,
우선기업,0.3*163,,Ni 1.0㎛ ~,S304H 양면H/L,
우선기업,0.3*160,,Ni 0.5㎛ ~1.5㎛,Ni 0.5㎛ ~1.5㎛ ,
우선기업,0.3*166,,Ni 1.0㎛ ~,S304H 양면H/L,
우선기업,0.3*169,,Ni 1.0㎛ ~,S304H ,
우선기업,0.3*172,,Ni 1.0㎛ ~,S304H 양면H/L,
우선기업,0.3*174,,Ni 1.0㎛ ~,S304H 양면H/L,
우선기업,0.3*184,,Ni 1.0㎛ ~,S304H 양면H/L,
우선기업,0.3*186,,Ni 1.0㎛ ~,C7701 1/2H 양백,
우선기업,0.3*204,,Ni 1.0㎛ ~,S304H ,
우선기업,0.35*20,,Ni 1.0㎛ ~,S304H 양면H/L,
우선기업,0.35*22,,Ni 0.5㎛ ~1.5㎛ ,C7701 1/2H 단면 H/L 양백,
우선기업,0.35*45,,Ni 1.0㎛ ~,S304H 양면H/L,
우선기업,0.35*104,,Ni 1.0㎛ ~,S304H 양면H/L,
우선기업,0.4*22,,Ni 1.0㎛ ~,S304H 양면H/L,
우선기업,0.4*60,,Ni 1.0㎛ ~,S304 3/4H 양면H/L,
우선기업,0.4*105,,Ni 0.5㎛ ~1.5㎛ ,S304H 단면H/L,
우선기업,0.4*150,,Ni 0.5㎛ ~1.5㎛ ,S304H 단면H/L,
우선기업,0.5*80,,Ni 1.0㎛ ~,S304H 양면H/L,
우선기업,0.5*91,,Ni 1.0㎛ ~,S304H 양면H/L,
우선기업,0.5*100,,Ni 1.0㎛ ~,S304H 양면H/L,
우선기업,0.5*126,,Ni 1.0㎛ ~,S304H 양면H/L,
우선기업,0.5*146,,Ni 1.0㎛ ~,S304H 양면H/L,
우선기업,0.5*150,,Ni 1.0㎛ ~,S304H 양면H/L,
우선기업,0.5*176,,Ni 1.0㎛ ~,S304H 양면H/L,
우선기업,0.5*164,,Ni 1.0㎛ ~,S304H 양면H/L,
우선기업,0.6*15,,Ni 1.0㎛ ~,S304H 양면H/L,
우선기업,0.6*25,,Ni 1.0㎛ ~,S304H 양면H/L,
우선기업,0.6*20,,Ni 1.0㎛ ~,S304 3/4H,
우선기업,0.6*43,,Ni 1.0㎛ ~,S304H 양면H/L,
라미테크,0.5*204,,Ni 1.0㎛ ~,S304H 양면H/L,
라미테크,0.2*144,,Ni 1.0㎛ ~,SUS 304-1/2H,
라미테크,0.2*160,,Ni 1.5㎛ ~,SUS 304-1/2H,
부흥STS,0.2*165,,Ni 1.5㎛ ~,SUS 304-1/2H,
부흥STS,0.2*170,,Ni 1.5㎛ ~,SUS 304-1/2H,
부흥STS,0.08*80,,Ni 1.0㎛ ~,301H,
부흥STS,0.15*124,,Ni 0.5㎛ ~1.5㎛ ,316 HN 단면 H/L,
부흥STS,0.15*164,,Ni 2.0㎛ ~5.0㎛ ,C7701-1/2H,
부흥STS,0.1*165,,Ni 0.3㎛ ~1.5㎛ ,316L H,
부흥STS,0.2*153,,Ni 1.0㎛ ~,316L 단면 H/L,
부흥STS,0.2*104,,Ni 1.0㎛ ~,C7701-1/2H,
부흥STS,0.2*164,,Ni 2.0㎛ ~5.0㎛ ,C7701-1/2H 단면 H/L,
부흥STS,0.25*74,,Ni 0.5㎛ ~,316L 3/4H 단면 H/L,
부흥STS,0.25*80,,Ni 0.3㎛ ~,316L 단면 H/L,
부흥STS,0.25*82,,Ni 0.5㎛ ~,316L 3/4H 단면 H/L,
부흥STS,0.25*87,,Ni 0.5㎛ ~,316L 3/4H 단면 H/L,
부흥STS,0.25*165,,Ni 0.3㎛ ~,316L 단면 H/L,
부흥STS,0.3*82,,Ni 1.0㎛ ~,C7701-1/2H,
부흥STS,0.3*160,,Ni 0.5㎛ ~1.2㎛ ,304H 단면 H/L,
부흥STS,0.3*170,,Ni 0.5㎛ ~1.5㎛ ,316LH 단면 H/L,
부흥STS,0.3*173,,Ni 0.5㎛ ~1.5㎛ ,316L 3/4 단면 H/L,
ES TECH,0.5*186,,Ni 1.0㎛ ~,304H 양면,
ES TECH,0.5*187,,Ni 1.0㎛ ~,304H 양면 H/L,
ES TECH,0.3*84,,Ni 1.0㎛ ~,SPCC 양면 H/L,
ES TECH,0.08*100(1),,Ni 1.0~3.0㎛ ,SUS304 단면,
동일메탈,0.08*100(2),,Ni 1.0~3.0㎛ ,SUS304 양면,
동일메탈,0.2*40,,Ni 0.5㎛ ~,C7701-1/2,
동일메탈,0.2*50,,Ni 1.0㎛~,P1000HS 1/2,
동일메탈,0.2*58,,Ni 1.0㎛~,P1000HS 1/2,
동일메탈,0.5*20,,Ni 1.0㎛~,C5210-1/2,
동일메탈,0.15*70,,Ni 3.0㎛~,Cu,
동일메탈,0.1*171,,Ni 0.5㎛ ~,C7701-1/2,
동일메탈,0.1*128,,Ni 0.5㎛ ~,C7701-1/2,
동일메탈,0.1*110,,Ni 0.5㎛ ~,C7701-1/2,
동일메탈,0.1*119,,Ni 0.5㎛ ~,C7701-1/2,
동일메탈,0.1*146,,Ni 0.5㎛ ~,C7701-1/2,
유경하이테크,0.15*40,,Ni 1.0㎛~,C7701R-1/2,
유경하이테크,0.15*55,,Ni 1.0㎛~,C7701R-1/2,
유경하이테크,0.15*60,,Ni 1.0㎛~,C7701R-1/2,
유경하이테크,0.15*70,,Ni 1.0㎛~,C7701R-1/2,
유경하이테크,0.15*80,,Ni 1.0㎛~,C7701R-1/2,
유경하이테크,0.15*85,,Ni 1.0㎛~,C7701R-1/2,
유경하이테크,0.1*60,,Ni 1.0㎛~,C7701R-1/2,
유경하이테크,0.1*36,,Ni 1.0~3.0㎛ ,C7701-1/2,
유경하이테크,0.1*28,,Ni 1.0㎛~,C7701R-1/2,
유경하이테크,0.1*171,,Ni 1.0~3.0㎛ ,C7701-1/2,
유경하이테크,0.2*32,,Ni 1.0~2.0㎛ ,C7701-1/2,
유경하이테크,0.2*35,,Ni 1.0~3.0㎛ ,C7701-1/2,
유경하이테크,0.2*144,,Ni 1.0~3.0㎛ ,C7701-1/2,
유경하이테크,0.2*179,,Ni 1.0~3.0㎛ ,양백,
비엔지하이테크,0.25*32,,Ni 1.0~3.0㎛ ,C5210R-1/2H,
비엔지하이테크,0.2*110,,Ni 1.0~3.0㎛ ,SUS304 양면,
비엔지하이테크,0.15*193,,Ni 1.0㎛ ~,C7701-1/2H,
비엔지하이테크,0.1*110,,Ni 1.0~3.0㎛ ,SUS 304 단면,
비엔지하이테크,0.25*54,,Ni 1.5㎛ ~,P1000HS 1/2,
비엔지하이테크,0.2*194,Au 0.03㎛ Min,Ni 1.5~2.5㎛ ,Bronze,
진성정밀,0.1*27.5,Au 0.03㎛ Min,Ni 1.0~3.0㎛ ,C5210 1/2H,
진성정밀,0.2*25,Au 0.03㎛ Min,Ni 1.0~3.0㎛ ,SUS 301 1/2H,
진성정밀,0.2*29.5,,Ni 1.0~3.0㎛ ,SUS301 3/4H,
비엔지하이테크,015*20.5,,Ni 1.0~3.0㎛ ,SUS301 1/2,
동호A-TEC,015*23,,Ni 1.0~3.0㎛ ,SUS301 1/2,
알앤디테크,0.15*76,Sn 2.0~4.0㎛ ,Ni 1.0㎛ ~,  AL,
알앤디테크,0.2*32,Sn 2.0~5.0㎛ ,Ni 1.0~3.0㎛ ,SUS301 1/2,
알앤디테크,0.15*71,Sn 1.0㎛~ ,Ni 1.0㎛~ ,C2680R-1/2H,
알앤디테크,0.2*23,Sn 2.0~5.0㎛ ,Ni 1.0~3.0㎛ ,SUS301 1/2,
알앤디테크,0.15*30,Sn 2.0~4.0㎛ ,Ni 1.0~3.0㎛ ,SUS304 연질,
KMG,0.1*64,Au 0.03㎛ Min,Ni 1.5~2.5㎛ ,Bronze,
KMG,0.1*32,Au 0.03㎛ Min,Ni 1.5~2.5㎛ ,Bronze,
KMG,0.1*52.5,Au 0.03㎛ Min,Ni 1.5~2.5㎛ ,Bronze,
KMG,0.2*70,,Ni 1.0㎛ Min,SUS 304 1/2H,
KMG,0.2*75,,Ni 1.0㎛ Min,SUS 304 1/2H,
KMG,0.4*136,,Ni 1.0㎛ Min,SUS 304 1/2H,
KMG,0.2*59,Au 0.05㎛ Min,Ni 2.0~3.5㎛ ,SUS 304 1/2H,
KMG,0.2*49,Au 0.05㎛ Min,Ni 2.0~3.0㎛ ,SUS 304 1/2H,
KMG,PLATE ANT R,Au 0.03~0.1㎛ ,Ni 1.0~2.0㎛ ,인청동,
KMG,0.15*20,,Ni 2.0㎛~ ,STS304 1/2H,
KMG,0.15*46,,Ni 2.0㎛~ ,STS301 1/2H,
KMG,0.15*50,Au 0.03~0.1㎛ ,Ni 1.0~2.0㎛ ,인청동,
KMG,0.15*68,,Ni 1.4~3.0㎛ ,STS301 1/2H,
KMG,0.3*88,,Ni 2.0㎛~ ,STS304 1/2H,
LS엠트론,0.2*86,,Ni 1.5㎛ Min,SUS 301 1/2H,
M.S,0.3*95,,Ni 1.5㎛ Min,SUS 304 1/2H,
나담테크,0.1*33,,Ni 2.0~3.0㎛ ,SUS 304 1/2H,
나담테크,0.4*90,,Ni 1.5㎛ Min,SUS 304 1/2H,
나담테크,0.15*46,,Ni 1.5㎛ Min,SUS 304 1/2H,
나담테크,1747/PD단자 3종,,Ni 1.0㎛ Min,SUS 304-1/2H,
나담테크,0.12*110,,Ni 1.0㎛ Min,SUS304 H,
나담테크,0.15*50,,Ni 1.0~3.0㎛ ,SUS301 1/2H,
나담테크,0.05*53,,Ni 1.0㎛ Min,SUS 304 1/2H,
나담테크,1671/ ET-WV530 5G,,Ni 0.5~1.5㎛ ,SUS 304 3/4,
나담테크,ET-WV530 WIFI 1.2,,Ni 0.5~1.5㎛ ,SUS 304 3/4,
나담테크,2049/LEVELU2 ,,Ni 1.0~3.0㎛ ,SUS 301 3/4,
나담테크,2049/LEVELU2.,,Ni 1.0~3.0㎛ ,SUS 301 3/4,
나담테크,J600F GPS,,Ni 0.5~1.5㎛ ,SUS 304 3/4,
나담테크,J600F SUB,,Ni 0.5~1.5㎛ ,SUS 304 3/4,
나담테크,SM-E700F BT,,Ni 0.5~1.0㎛ ,SUS,
나담테크,SM-E700F GPS,-,Ni 0.5~1.0㎛ ,SUS,
나담테크,SM-P905 MAIN,Au 0.03㎛ Min,,SUS,
나담테크,SM-P905WIFI-1,Au 0.03㎛ Min,,SUS,
나담테크,0.15*33,,Ni 0.5~1.5㎛ ,SUS 304 3/4,
나담테크,0.15*47,,Ni 0.5~1.5㎛ ,SUS 304 3/4,
나담테크,0.1*26,Au 0.1㎛ ~,Ni 1.0~3.0㎛ ,인청동,
나담테크,0.2*48,,Ni 1.0~2.0㎛ ,C2680R-H,
나담테크,0.2*60,Au 0.03㎛ Min,,SUS,
나담테크,0.2*111,,Ni 1.0㎛~,Cu,
나담테크,0.25*109.5,,Ni 1.0~3.0㎛,C2680R-H,
나담테크,ET-WV530Z WAVE,,Ni 0.5~1.5㎛ ,SUS 304 3/4,
나담테크,0.3*67,,Ni 3.0㎛ Min,SUS301 1/2H,
나담테크,SM-G888F MAIN1,,Ni 0.5~1.5㎛ ,SUS 304 3/4,
나담테크,SM-G888F MAIN2,,Ni 0.5~1.5㎛ ,SUS 304 3/4,
나담테크,"SM-T230NZ BT, GPS",,Ni 0.5~1.5㎛,SUS 304 3/4,
나담테크,"SM-T230 BT,GPS",,Ni 0.5~1.5㎛,SUS 304 3/4,
나담테크,SM-T230 GPS,,Ni 0.5~1.5㎛,SUS 304 3/4,
나담테크,0.4*70,,Ni 1.0~3.0㎛,SUS 304 1/2,
나담테크,0.4*70,,Ni 0.5~1.0㎛,SUS 301 3/4,
KSP테크닉스,0.2*160,,Ni 1.5㎛~,SUS 304 1/2H,
KSP테크닉스,0.2*168,,Ni 1.5㎛~,SUS 304 1/2H,
KSP테크닉스,0.2*169,,Ni 1.5㎛~,SUS 304 1/2,
KSP테크닉스,0.15*90,,Ni 1.0㎛~,SUS 304 1/2,
KSP테크닉스,0.2*183,,Ni 1.5㎛~,SUS 304 1/2,
KSP테크닉스,0.2*186,,Ni 1.5㎛~,SUS 304 1/2,
넥스플러스,0.3*53,,Ni 1.0㎛~,SUS 301 3/4,
넥스플러스,ET-WV530 5G,,Ni 0.5~1.0㎛,SUS 301 3/4,
다울테크,SM-J810 SUB,,Ni 0.5~1.5㎛,SUS304 1/2H,
다울테크,0.1*58,,Ni 0.5~1.5㎛,SUS 304-3/4H,
다울테크,0.1*59,,Ni 0.5~1.5㎛,SUS 304-3/4H,
다울테크,0.1*60,,Ni 0.5~1.0㎛,SUS 304-3/4H,
다울테크,SM-J810 GPS,,Ni 0.5~1.5㎛,SUS304 1/2H,
다울테크,0.08*40,Sn 1.0~3.0㎛,Ni 1.0~3.0㎛,순동,
대일티엔씨,0.3*22,,Ni 1.0~3.0㎛ ,SUS430BA,
부원정밀,0.3*31mm,Au 0.03㎛ Min,Ni 1.5~2.5㎛ ,Bronze,
성우금속,0.1*13,Au 0.03㎛↑,Ni 1.0㎛↓,C7035,
성진,0.1*13,Au 0.03㎛ Min,Ni 1.0~2.0㎛ ,C5210,
성진,0.3*53,전체니켈도금,,SUS 301-1/2H,
성진,0.64*39,Sn 3.0㎛ ~,Ni 1.0㎛ ~,황동,
성진,0.3*18,Sn 2.0㎛ Min,Ni 1.0㎛ Min,인동,
성우금속,0.2*60,,Ni 1.3~㎛ ,순동,
성우금속,0.6*39,Sn 3.0㎛ ~,Ni 1.0㎛ ~,황동,
세광전자금속,0.64*39,Sn 3.0㎛ ~,Ni 1.0㎛ ~,황동,
세중하이텍,0.25*24, ,Ni 1.0~2.0㎛ ,SUS,
수지철광,0.25*65.7, ,Ni 0.8~1.5㎛ ,SUS 304-1/2H,
씨케이전자,0.08*24, ,Ni 1.0~2.0㎛ ,SUS,
연일하이피,0.08*70,,Ni 1.0~3.0㎛,,
연일하이피,0.3*84,,Ni 1.0~2.0㎛ ,SUS,
연일하이피,0.1*82.5,Au 0.03㎛ Min,Ni 1.5~2.5㎛ ,Bronze,
연일하이피,0.1*83.5,Au 0.03㎛ Min,Ni 1.5~2.5㎛ ,Bronze,
연일하이피,0.15*45,,Ni 1.0~㎛ ,SUS304 FH H/L양면,
연일하이피,무광3㎛,Au 0.03㎛ Min,Ni 1.5~2.5㎛ ,Bronze,
연일하이피,무광,Au 0.03㎛ Min,Ni 1.5~2.5㎛ ,Bronze,
연일하이피,0.2*86,,Ni 1.0~1.5㎛ ,SUS304 3/4H,
우진WTP,0.1*27,,Ni 0.5~1.5㎛ ,SUS 304 3/4,
우진WTP,0.1*38,,Ni 0.5~1.5㎛ ,SUS 304 3/4,
우진WTP,0.1*60,,Ni 0.5~1.5㎛ ,SUS 304 3/4,
우진WTP,0.1*78,,Ni 0.5~1.5㎛ ,SUS 304 3/4,
우진WTP,0.1*53,,Ni 0.5~1.5㎛ ,SUS 304 3/4,
유정하이텍,0.15*96,,Ni 1.3㎛~,C7701R-1/2H,
㈜경덕테크,0.15*90,,Ni 1.0~3.0㎛ ,양백,
㈜경덕테크,0.08*36,,Ni 2.0~3.0㎛ ,양백,
㈜뉴프로텍,USB3750 SPRING A(LEAD),Au 0.03㎛ Min,Ni 1.5~2.5㎛ ,Bronze,
포엔텍,UMT 8500 TERMINAL,Au 0.03㎛ Min,Ni 1.5~2.5㎛ ,Bronze,
포엔텍,0.2*192,Au 0.03㎛ Min,Ni 1.5~2.5㎛ ,Bronze,
제이엠 제코,0.6*12,Au 0.03㎛ Min,Ni 1.0~3.0㎛,C1100,
피티씨,0.15*25,,Ni 1.0~3.0㎛ ,양백,
피티씨,0.15*32,,Ni 1.0~3.0㎛ ,양백,
피티씨,0.08*19,,Ni 1.0~3.0㎛ ,양백,
피티씨,0.08*29,,Ni 1.0~3.0㎛ ,양백,
피티씨,0.08*70,,Ni 1.0~3.0㎛ ,304H,
피티씨,ML1220TT2BK-41,Au 0.03㎛ Min,Ni 1.5~2.5㎛ ,Bronze,
피티씨,무광1㎛,Au 0.03㎛ Min,Ni 1.5~2.5㎛ ,Bronze,
피티씨,0.2*70,Au 0.03㎛ Min,,SUS 304 3/4H,
피티씨,개발샘플,,Ni 1.0~3.0㎛,SUS 304 3/4,
피티씨,0.1*28,,Ni 1.0~3.0㎛,SUS 304 3/4H,
피티씨,0.1*42,,Ni 1.0~3.0㎛,SUS 304 3/4H,
피티씨,0.1*62,,Ni 1.0~3.0㎛,SUS 304 3/4H,
피티씨,SM-J810F WIFI,,Ni 0.5~1.5㎛,SUS 301 1/2,
피티씨,SM-J600F MAIN1,,Ni 0.5~1.5㎛,SUS 304 3/4,
피티씨,SM-J600F MAIN2,,Ni 0.5~1.5㎛,SUS 304 3/4,
피티씨,MHS 900L MAIN,,Ni 1.0~3.0㎛,C5210 1/2,
피티씨,MHS 900L SUB DIV,,Ni 1.0~3.0㎛,SUS 304 3/4,
피티씨,MHS 900L SUB DIVERSTY,,Ni 1.0~3.0㎛,SUS 304 3/4,
피티씨,MHS 900L SUB WIFI,,Ni 1.0~3.0㎛,SUS 304 3/4,
피티씨,0.3*70(유광),,Ni 1.0~3.0㎛,SUS 301 1/2,
피티씨,0.1*90,,Ni 1.0~3.0㎛,SUS 301 3/4,
피티씨,TG525F-MAIN,,Ni 1.0~3.0㎛,SUS 301 3/4,
피티씨,0.3*90,,Ni 1.0~2.5㎛,SUS 304 3/4,
피티씨,0.25*48,,Ni 1.0~3.0㎛,SUS 304 1/2,
피티씨,0.25*48 (띠도금),,Ni 1.0~3.0㎛,SUS 301 1/2H,
피티씨,0.25*34 (띠도금),,Ni 1.0~3.0㎛,SUS 301 1/2H,
피티씨,0.25*34,,Ni 1.0~3.0㎛,SUS 304 3/4,
피티씨,J600F MAIN2,,Ni 0.5~1.0㎛,SUS 304 3/4,
피티씨,J600F MAIN,,Ni 0.5~1.0㎛,SUS 304 3/4,
피티씨,0.15*68,Sn 10~20㎛,Ni 1.0~3.0㎛,SUS 304 1/2H,
피티씨,0.1*25,,Ni 1.0~3.0㎛,SUS 304-3/4H,
피티씨,0.1*25 WIFE,,Ni 1.0~3.0㎛,SUS 304-3/4H,
피티씨,0.1*30 GPS,,Ni 1.0~3.0㎛,SUS 304-3/4H,
피티씨,SM-J600F SUB,,Ni 0.5~1.5㎛,SUS 304 3/4,
피티씨,SM-800Y,Au 0.03 ~ ㎛,Ni 1.0~3.0㎛,Bronze,
피티씨,0.1*46mm,,Ni 1.5~3.0㎛ ,Bronze,
피티씨,H 910 MAIN PATTERN 1번,,NI 1.0㎛~3.0㎛,Bronze,
피티씨,0.15*70mm,Au 0.03㎛ Min,Ni 1.0~3.0㎛,Bronze,
피티씨,0.1*70mm,Au 0.04㎛ Min,Ni 1.5~3.0㎛,Bronze,
피티씨,0.3*25,,Ni 1.0~3.0㎛,SUS 304-3/4H,
피티씨,0.3*33,Au 0.03㎛ Min,Ni 1.0~3.0㎛,SUS,
피티씨,D320N,Au 0.04㎛ Min,Ni 1.5~3.0㎛,Bronze,
피티씨,360H-GPS,Au 0.04㎛ Min,Ni 1.5~3.0㎛,Bronze,
피티씨,360H-LTE,Au 0.04㎛ Min,Ni 1.5~3.0㎛,Bronze,
피티씨,0.1*73mm,,Ni 1.5~3.0㎛,Bronze,
피티씨,0.1*38mm,Au 0.04㎛ Min,Ni 1.5~3.0㎛,Bronze,
피티씨,360H BT/WFI,Au 0.04㎛ Min,Ni 1.5~3.0㎛,Bronze,
피티씨,K_EU3G,Au 0.04㎛ Min,Ni 1.5~3.0㎛,Bronze,
피티씨,0.3*70mm,Au 0.04㎛ Min,Ni 1.5~3.0㎛,Bronze,
피티씨,0.3*53mm,,Ni 1.5~3.0㎛ ,Bronze,
피티씨,LTE,Au 0.04㎛ Min,Ni 1.5~3.0㎛,Bronze,
피티씨,0.1*43mm,Au 0.04㎛ Min,Ni 1.5~3.0㎛,Bronze,
피티씨,G360F,Au 0.04㎛ Min,Ni 1.5~3.0㎛,Bronze,
피티씨,0.1*41mm,,Ni 1.5~3.0㎛,Bronze,
피티씨,TS3,-,Ni 0.5㎛ Min,SUS,
피티씨,0.15*41,,NI 1.0~3.0㎛,SUS,
피티씨,0.1*25,,NI 1.0~3.0㎛,SUS,
피티씨,0.1*30,,NI 1.0~3.0㎛,SUS 304- 3/4H,
피티씨,0.1*70,,NI 1.0~3.0㎛,SUS 301- 1/2H,
피티씨,0.1*83,,NI 1.0~3.0㎛,SUS 304- 3/4H,
피티씨,0.15*25,,NI 1.0~3.0㎛,SUS 301- 3/4H,
피티씨,0.15*28,,NI 1.0~3.0㎛,SUS,
피티씨,0.15*29,,NI 1.0~3.0㎛,SUS,
피티씨,0.15*23,,NI 1.0~3.0㎛,SUS,
피티씨,0.15*24,,NI 1.0~3.0㎛,SUS,
피티씨,900L-MAIN,,NI 1.0~3.0㎛,Bronze,
피티씨,0.15*36,,NI 1.0~3.0㎛,SUS 301 1/2H,
피티씨,0.3*26,Au 0.03㎛ Min,,SUS 301 3/4H,
피티씨,0.3*30,,NI 1.0~3.0㎛,SUS 304 1/2H,
피티씨,0.3*32,,Ni 0.5㎛ Min,SUS 304 1/2H,
피티씨,0.2*30,,NI 1.0~3.0㎛,SUS 304 1/2H,
피티씨,0.3*25,,NI 1.0~3.0㎛,SUS 301 3/4H,
피티씨,0.3*52,,NI 1.0~3.0㎛,SUS 301 3/4H,
피티씨,0.3*63,Au 0.03㎛ Min,,SUS 301 3/4H,
피티씨,0.3*70,,NI 1.0~3.0㎛,SUS 301 3/4H,
피티씨,0.3*68,Au 0.03㎛ Min,,SUS 301 3/4H,
피티씨,0.3*70,,NI 1.0~3.0㎛,SUS ,
피티씨,0.3*55,Au 0.03㎛ Min,,SUS 301 3/4H,
피티씨,0.2*36,,NI 1.0~3.0㎛,SUS,
피티씨,0.2*70,,NI 1.0~3.0㎛,SUS,
피티씨,0.2*31,,NI 1.0~3.0㎛,SUS,
피티씨,0.1*68,,NI 1.0㎛~3.0㎛,인청동,
피티씨,VS 995 MAIN PATTERN 1번,,NI 1.0㎛~3.0㎛,인청동,
피티씨,NEO-P PLATE HEAD단자,,Ni 0.5㎛ Min,SUS304 1/2H,
피티씨,0.2*23,,Ni 1.0~3.0㎛,SUS304 1/2H,
피티씨,(Ni 0.5)0.3*15,,Ni 0.5㎛ Min,SUS,
피티씨,0.15*41,Au 0.5㎛ Min,NI 1.0~3.0㎛,SUS,
피티씨,0.15*28,Au 0.5㎛ Min,NI 1.0~3.0㎛,SUS,
피티씨,0.2*61,Au 0.03㎛ Min,,SUS 301 3/4,
피티씨,0.2*61,Au 0.03㎛ Min,,SUS 301 3/4,
피티씨,0.2*70,Au 0.03㎛ Min,,SUS,
피티씨,G3608,Au 0.04㎛ Min,Ni 1.5~3.0㎛,Bronze,
피티씨,R702 SUB,,Ni 1.0~3.0㎛,Bronze,
피티씨,0.15*58,,Ni 1.0~3.0㎛,Bronze,
피티씨,815WiFl,,Ni 1.0~3.0㎛,Bronze,
피티씨,VS 995 MAIN PATTERN 2번,,Ni 1.0~3.0㎛,Bronze,
피티씨,0.15*42,,Ni 1.0~3.0㎛,Bronze,
피티씨,0.15*37,,Ni 1.5~3.0㎛,Bronze,
피티씨,815 MAIN,,Ni 1.0~3.0㎛,Bronze,
피티씨,815-SUB,,Ni 1.0~3.0㎛,Bronze,
피티씨,0.15*32mm,,Ni 1.5~3.0㎛,Bronze,
피티씨,H 910 MAIN PATTERN 2,,Ni 1.0~3.0㎛,Bronze,
피티씨,0.15*56mm,Au 0.5㎛ Min,Ni 2.0㎛ Min,SUS,
한성금속,0.1*35mm,,Ni 1.5~3.0㎛,Bronze,
양지금속,0.08*14,Au 0.5㎛ Min,Ni 1.0~3.0㎛,C5210R-EH,
한성금속,0.15*36,,Ni 1.0~3.0㎛,SUS,
유진테크윈,1.2*63,,Ni 2.5~5.0㎛ ,C1100-1/2H,
호연이엔지,0.15*30,,Ni 1.0~3.0㎛ ,SUS 304 3/4,
호연이엔지,0.15*38,,Ni 1.0~3.0㎛ ,SUS301-3/4H,
호연이엔지,0.15*39,,Ni 1.0~3.0㎛ ,C7521R-1/2H 양백,
호연이엔지,0.15*47,,Ni 1.0~3.0㎛ ,SUS 301 3/4,
호연이엔지,0.15*25,,Ni 0.5~1.5㎛ ,SUS 304 3/4,
호연이엔지,0.15*50,,Ni 0.5~1.5㎛ ,SUS 304 3/4,
호연이엔지,0.15*60,,Ni 1.0~3.0㎛ ,SUS 301 3/4,
호연이엔지,0.1*18,,Ni 1.0~3.0㎛ ,C5210-1/2H,
호연이엔지,0.1*19,,Ni 1.0~3.0㎛ ,C7521R-1/2H,
호연이엔지,0.1*23,,Ni 0.5~1.5㎛ ,SUS 304 3/4H,
호연이엔지,0.1*26,,Ni 0.5~1.5㎛ ,SUS 304 3/4H,
호연이엔지,0.1*33,,Ni 0.5~1.5㎛,SUS 304 3/4H,
호연이엔지,0.1*40,,Ni 0.5~1.5㎛,SUS 304 3/4H,
호연이엔지,0.1*57,,Ni 0.5~1.5㎛,SUS 304 3/4H,
호연이엔지,0.1*80,,Ni 0.5~1.5㎛,SUS 304 3/4H,
호연이엔지,0.3*33,,Ni 1.0~3.0㎛ ,C5210-1/2H,
호연이엔지,0.3*35,,Ni 1.0~3.0㎛ ,SUS301 1/2H,
호연이엔지,0.3*30,,Ni 1.0~3.0㎛ ,SUS301 1/2H,
호연이엔지,0.3*20,,Ni 1.0~3.0㎛ ,C5210-1/2H,
호연이엔지,0.3*26,,Ni 2.0~5.0㎛ ,C5210,
호연이엔지,0.3*37,,Ni 1.0~3.0㎛ ,SUS301 3/4H,
호연이엔지,0.3*40,,Ni 1.0~3.0㎛ ,SUS301 3/4H,
호연이엔지,0.3*50,,Ni 1.0~3.0㎛ ,SUS301 3/4H,
호연이엔지,0.3*51,,Sn 2.0~5.0㎛ ,C5210-1/2H,
호연이엔지,0.3*70,,Ni 1.0~3.0㎛ ,SUS301 1/2H,
호연이엔지,0.3*80,,Ni 1.0~3.0㎛ ,SUS301 3/4H,
호연이엔지,0.3*90,,Ni 1.0~3.0㎛ ,SUS 304 3/4H,
호연이엔지,0.3*117,,Ni 1.4~4.0㎛ ,SUS 301 3/4H,
호연이엔지,PATTERN 1,,Ni 1.0~3.0㎛ ,C5210-H,
호연이엔지,PATTERN 2,,Ni 1.0~3.0㎛ ,C5210-H,
호연이엔지,PATTERN 3,,Ni 1.0~3.0㎛ ,C5210-H,
호연이엔지,0.15*57,,Ni 1.0~3.0㎛ ,SUS,
호연이엔지,0.2*21,,Ni 1.0~3.0㎛ ,SUS301-3/4H,
호연이엔지,0.2*25,,Ni 1.0~3.0㎛ ,C7521R-1/2H,
호연이엔지,0.2*30,,Ni 1.0~3.0㎛ ,SUS301-3/4H,
호연이엔지,0.2*40,,Ni 1.0~3.0㎛ ,SUS301-3/4H,
호연이엔지,0.2*42,,Ni 1.0~3.0㎛ ,SUS301-3/4H,
호연이엔지,0.2*34,,Ni 1.0~3.0㎛ ,SUS301-3/4H,
호연이엔지,0.2*47.5,,Ni 1.0~3.0㎛ ,SUS301-3/4H,
호연이엔지,0.2*49.5,,Ni 1.0~3.0㎛,SUS301-3/4H,
호연이엔지,0.2*50.5,,Ni 1.0~3.0㎛ ,SUS301-3/4H,
호연이엔지,0.2*52,,Ni 1.0~3.0㎛ ,C5210-1/2H,
호연이엔지,0.2*54.5 ( Ni띠도금 ),,Ni 1.0~3.0㎛ ,SUS301-3/4H,
호연이엔지,0.2*54.5,,Ni 1.0~3.0㎛ ,SUS301-3/4H,
호연이엔지,0.2*57,,Ni 1.0~3.0㎛ ,SUS301-3/4H,
호연이엔지,0.2*57,,Ni 1.0~3.0㎛ ,S304H 단면H/L,
호연이엔지,0.2*59,,Ni 1.0~3.0㎛ ,SUS301-3/4,
호연이엔지,0.2*46,,Ni 1.0~3.0㎛ ,SUS301-3/4,
호연이엔지,0.2*60 (인청동),,Ni 1.0㎛ ~,인청동,
호연이엔지,0.2*60 (SUS),,Ni 1.0~3.0㎛ ,SUS301-3/4,
호연이엔지,0.2*61,,Ni 1.0~3.0㎛ ,SUS301-3/4H,
호연이엔지,0.25*32,,Ni 1.0~3.0㎛ ,SUS304-1/2H,
호연이엔지,0.25*39.5,,Ni 1.0~3.0㎛ ,SUS304-3/4H,
호연이엔지,0.25*70,,Ni 1.0㎛ ~,SUS301-3/4H,
호연이엔지,0.2*58,,Ni 1.0~3.0㎛ ,SUS304-1/2H,
호연이엔지,0.2*58,,Ni 2.0㎛ ~,SUS304-1/2H,
호연이엔지,0.2*71,,Ni 1.0~3.0㎛ ,SUS301-3/4H,
호연이엔지,0.2*80,,Ni 1.0~3.0㎛ ,SUS301-3/4,
호연이엔지,0.2*90,,Ni 1.0~3.0㎛ ,SUS304-1/2H,
호연이엔지,0.2*90,,Ni 2.0㎛ ~,SUS304-1/2H,
호연이엔지,0.2*95,,Ni 1.0~3.0㎛ ,SUS301-3/4H,
호연이엔지,0.2*95  ( Ni띠도금 ),,Ni 1.0~3.0㎛ ,SUS301-3/4H,
호연이엔지,0.2*70,,Ni 1.0~3.0㎛ ,SUS301-3/4H,
호연이엔지,0.2*100,,Ni 1.0~3.0㎛ ,SUS301-3/4H,
호연이엔지,0.2*105,,Ni 1.0~3.0㎛ ,SUS301-3/4H,
호연이엔지,0.1*61,,Ni 1.0~3.0㎛ ,SUS,
호연이엔지,0.4*40,,Ni 1.0~3.0㎛ ,SUS,
호연이엔지,0.4*25,,Ni 2.0㎛ ~,SPCC-2B,
호연이엔지,0.4*25.5,,Ni 1.0~3.0㎛ ,SUS301-3/4H,
호연이엔지,0.4*94,,Ni 1.0~3.0㎛ ,SUS,
호연이엔지,0.15*51,,Ni 1.0㎛ ~,SUS 301-3/4,
호연이엔지,0.2*67,,Ni 1.0~3.0㎛ ,SUS301 3/4H,
호연이엔지,0.2*80,Au 0.03㎛ Min,Ni 1.0~3.0㎛ ,SUS301 3/4H,
호연이엔지,0.2*85,Au 0.03㎛ Min,Ni 1.0~3.0㎛ ,SUS301 3/4H,
호연이엔지,0.2*65,Au 0.03㎛ Min,Ni 1.0~3.0㎛ ,SUS301 3/4H,
호연이엔지,0.2*70,Au 0.03㎛ Min,Ni 1.0~3.0㎛ ,SUS301 3/4H,
호연이엔지,0.2*56.5,Au 0.03㎛ Min,Ni 1.0~3.0㎛ ,SUS301 3/4H,
호연이엔지,0.2*75,Au 0.03㎛ Min,Ni 1.0~3.0㎛ ,SUS301 3/4H,
호연이엔지,OUC3 SUS 0.2T,Au 0.03㎛ Min,Ni 1.0~3.0㎛ ,SUS301 3/4H,
호연이엔지,OUC3 SUS 0.2T 2,Au 0.03㎛ Min,Ni 1.0~3.0㎛ ,SUS301 3/4H,
호연이엔지,0.1*44.4,Au 0.03㎛ Min,Ni 1.0~3.0㎛ ,SUS304 3/4H,
호연이엔지,0.1*53,Au 0.03㎛ Min,Ni 1.0~3.0㎛ ,SUS301 3/4H,
호연이엔지,0.15*72,Au 0.03㎛ Min,Ni 1.0~3.0㎛ ,SUS301 3/4H,
호연이엔지,0.1*56,Au 0.03㎛ Min,Ni 1.0~3.0㎛ ,SUS301 3/4H,
호연이엔지,0.1*56,Sn 2.0㎛ Min,Ni 1.0㎛ Min,SUS301 3/4H,
호연이엔지,0.3*72,Au 0.03㎛ Min,Ni 1.0~3.0㎛ ,SUS301 3/4H,
호연이엔지,0.15*18,Sn 2.0㎛ ~,,C5210,
호연이엔지,0.15*19,,Ni 1.0~3.0㎛ ,SUS301 3/4H,
호연이엔지,0.15*20,Sn 2.0㎛~ ,,C5210 1/2,
호연이엔지,0.15*20,,Ni 0.5~1.5㎛ ,SUS304 1/2H,
호연이엔지,0.15*33,,Ni 1.0~3.0㎛ ,SUS301 3/4H,
호연이엔지,0.15*35, ,Ni 1.0~3.0㎛ ,SPCC-1/4H,
호연이엔지,0.15*47,,Ni 1.0~3.0㎛ ,SUS 301 3/4,
호연이엔지,0.15*50,,Ni 1.0~3.0㎛ ,SUS301 3/4H,
호연이엔지,0.15*52.5,,Ni 1.0~3.0㎛ ,SUS301 3/4H,
호연이엔지,0.15*56,,Ni 1.0~3.0㎛ ,SUS301 3/4H,
호연이엔지,0.15*57,,Ni 1.0~3.0㎛ ,SUS301 3/4H,
호연이엔지,0.15*65,,Ni 1.0~3.0㎛ ,SUS301 3/4H,
호연이엔지,0.15*67,,Ni 1.0~3.0㎛ ,SUS301 3/4H,
호연이엔지,0.15*69,,Ni 1.0~3.0㎛ ,SUS301 3/4H,
호연이엔지,0.15*73,,Ni 1.0~3.0㎛ ,SUS301 1/2H,
호연이엔지,0.15*75,,Ni 1.0~3.0㎛ ,SUS301 3/4H,
이에스테크,0.15*79,,Ni 1.0~3.0㎛ ,SUS301 3/4H,
이에스테크,0.15*41,,Ni 0.5~1.5㎛ ,SUS304 1/2H,
엔에스,0.15*47,,Ni 1.0~3.0㎛ ,SUS301 3/4H,
엔에스,0.2*25,,Ni 0.5~1.5㎛ ,Cu C1100-O,
엔에스,0.2*50,,Ni 0.5~1.5㎛ ,Cu C1100-O,
엔에스,0.3*60,,Ni 2.5~3.0㎛ ,Cu C1100-O,
엔에스,0.3*44.9,,Ni  2.0㎛ ~,Cu C1100-O,
엔에스,0.3*69.9,,Ni 0.5~1.5㎛ ,Cu C1100-O,
엔에스,0.3*70,,Ni  1.8~3.2㎛ ,Cu,
엔에스,0.15*25,,Ni 0.5~1.5㎛ ,SUS304 1/2H,
엔에스,0.15*24,,Ni 0.5~1.5㎛ ,SUS304 1/2H,
엔에스,0.3*45,,Ni  1.8~2.5㎛ ,CU C1100,
엔에스,0.3*45,,Ni  1.8~3.2㎛ ,Cu C1100-O,
엔에스,0.3*35,,Ni 1.3~2.3㎛ ,Cu C1100-O,
엔에스,0.4*45,,Ni 1.8~3.2㎛ ,CU C1020-O,
엔에스,0.15*24,Sn 2.0~3.0㎛ ,,인청동,
엔에스,0.3*50,,Ni 1.0~3.0㎛ ,SUS301 3/4H,
엔에스,0.3*37,,Ni 1.0~3.0㎛ ,SUS301 3/4H,
엔에스,0.2*125,,Ni 1.0~3.0㎛ ,SUS304 ,
엔에스,0.2*45,,Ni 1.3~2.3㎛ ,C1020,
엔에스,0.6*45,,Ni 0.3~1.3㎛ ,Cu C1100-O,
비엔지 하이테크,0.25*32,,Ni 1.0~3.0㎛ ,C5210R-1/2H,
비엔지 하이테크,0.3*50,,Ni 2.0~2.8㎛ ,CU,
비엔지 하이테크,0.2*25,Au 0.03㎛ Min,Ni 1.0~3.0㎛ ,SUS 301 1/2H,
비엔지 하이테크,0.1*27.5,Au 0.03㎛ Min,Ni 1.0~3.0㎛ ,C5210 1/2H,
제이엠 제코,0.6*12,Au 0.03㎛ Min,Ni 1.0~3.0㎛,C1100,
㈜써스파인,0.1*20,,Ni 0.7㎛~,304 1/2H,
㈜써스파인,0.1*80,,Ni 0.5㎛~,304 3/4H,
㈜써스파인,0.1*81,,Ni 0.5㎛~,304 3/4H,
㈜써스파인,0.1*150,,Ni 2.0~4.0㎛ ,316L AR,
㈜써스파인,0.1*153,,Ni 1.0㎛~,C7701 1/2H,
㈜써스파인,0.1*161,,Ni 1.0㎛~,C7701 1/2H,
㈜써스파인,0.1*181,,Ni 1.0㎛~,C7701 1/2H,
㈜써스파인,0.1*187,,Ni 1.0㎛~,C7701,
㈜써스파인,0.15*26,,Ni 0.7㎛~,304 1/2H,
㈜써스파인,0.15*105,,Ni 1.7~3.0㎛,304 2H,
㈜써스파인,0.15*109,,Ni 1.7~3.0㎛,304 2H,
㈜써스파인,0.15*115,,Ni 1.7~3.0㎛,304 1/2H,
㈜써스파인,0.15*117,,Ni 1.7~3.0㎛,304 1/2H,
㈜써스파인,0.15*118,,Ni 1.7~3.0㎛,304 1/2H,
㈜써스파인,0.15*125,,Ni 1.7~3.0㎛,304 1/2H,
㈜써스파인,0.15*128,,Ni 1.7~3.0㎛,304 2H,
㈜써스파인,0.15*137,,Ni 1.7~3.0㎛,304 1/2H,
㈜써스파인,0.15*138,,Ni 1.7~3.0㎛,304 1/2H,
㈜써스파인,0.15*139,,Ni 1.7~3.0㎛,304 2H,
㈜써스파인,0.15*141,,Ni 1.7~3.0㎛,304 1/2H,
㈜써스파인,0.15*143,,Ni 1.7~3.0㎛,304 2H,
㈜써스파인,0.15*105,,Ni 1.7~3.0㎛,304 2H,
㈜써스파인,0.15*104,,Ni 1.7~3.0㎛,304 1/2H,
㈜써스파인,0.15*124,,Ni 1.0㎛~,304 1/2H,
㈜써스파인,0.15*166,,Ni 1.7~3.0㎛,304 1/2H,
㈜써스파인,0.15*169,,Ni 1.7~3.0㎛,304 1/2H,
㈜써스파인,0.15*170,,Ni 1.7~3.0㎛,304 1/2H,
㈜써스파인,0.15*190,,Ni 1.7~3.0㎛,304 2H,
㈜써스파인,0.15*194,,Ni 1.7~3.0㎛,304 1/2H,
㈜써스파인,0.15*195,,Ni 1.7~3.0㎛,304 2H,
㈜써스파인,0.15*199,,Ni 1.7~3.0㎛,304 1/2H,
㈜써스파인,0.2*73,,Ni 0.5~2.0㎛,C7521,
㈜써스파인,0.25*32,,Ni 0.5㎛~,304 2H,
세인금속,0.25*171,,Ni 0.5~1.0㎛,SUS430 BA,
세인금속,0.1*186,,Ni 1.0㎛~,316L H,
세인금속,0.15*55,,Ni 1.0~3.0㎛ ,316L BA,
세인금속,0.2*204,,Ni 1.0~2.0㎛ ,316L BA,
세인금속,0.2*176,,Ni 0.8~2.0㎛,sus,
거성정밀,0.2*65,,Ni 1.0㎛~,SUS 304,
거성정밀,0.4*10,Au 0.05㎛,Ni 1.0㎛~,,
유성정공,0.15*25,,Ni 1.0㎛~,인청동,
유성정공,0.15*27,,Ni 1.5㎛~,S301,
유성정공,0.15*30,,Ni 1.5㎛~,S301,
유성정공,0.15*40,,Ni 1.0㎛~,양백,
유성정공,0.15*50,,Ni 1.0㎛~,인청동,
유성정공,0.2*27,,Ni 1.0㎛~,SUS430 BA,
유성정공,0.2*40,,Ni 1.0㎛~,SUS430 BA,
유성정공,0.2*17,Sn 3.0~4.5(무광),Ni 0.5㎛~,인청동,
유성정공,0.3*30,Sn 3.0~4.5(무광),Ni 0.5㎛~,인청동,
비에스 스틸,0.1*120,,Ni 1.2㎛~,C19010,
캠텍,0.1*74.9,Sn 4.0㎛~,Ni 1.0㎛~,A1050-H18,
캠텍,0.1778*19.05,Au 0.254㎛~,Ni 0.1㎛,STS305 BA,
베스트메탈,0.2*73,,Ni 2.0㎛~ ,C1100 1/4,
베스트메탈,0.3*110,Sn 2.0㎛~,Ni 1.0㎛~,AL,
풍산,0.15*90,,Ni 1.0~2.0㎛ ,CU,
풍산,0.15*149,,Ni 1.0~2.0㎛ ,CU,
풍산,0.15*187,,Ni 1.0~2.0㎛ ,CU,
풍산,0.1*175,,Ni 1.0~2.0㎛ ,CU,
